track,artist,reason
#1,spambient,Track was not found
(left a) pretty scar,adrian sieber,Track was not found
04 - de mende dans les mende,zeru ta lur / cérou ta lourre,Track was not found
05,panda bear,Track was not found
07,[unknown],Track was not found
2012,lifeisround,Track was not found
24,switchfoot,Track was not found
5am,9 lazy 9,Track was not found
5,gas,Track was not found
6,tarmvred,Track was not found
85,kazooka,Track was not found
[untitled],der blutharsch,Track was not found
a child is born,paul mccandless,Track was not found
a day in the life of klaus,adam r. beebe,Track was not found
a ghost story,memphis,Track was not found
a glass can only spill what it contains,aitch,Track was not found
a little of you,sjofn,Track was not found
a love supreme,branford marsalis,Track was not found
a new hope,the northern coast,Track was not found
a song for you,betty wright,Track was not found
a wish,secret of mana,Track was not found
abide with me,st. olaf choir,Track was not found
abraham,riley,Track was not found
abraxas,once upon a time,Track was not found
absolution,skrol,Track was not found
abyss,cyrenic,Track was not found
acid tongue,jenny lewis with the watson twins,Track was not found
adagio,suzanne ciani,Track was not found
adam and eve,azar baksh,Track was not found
adam,ishome,Track was not found
addiction,dolls of pain,Track was not found
adhesive,bardo pond,Track was not found
adrift,diane arkenstone,Track was not found
adult,john foxx / harold budd,Track was not found
afraid,d79,Track was not found
after you,leland thomas faegre,Track was not found
afterlife,jon hopkins,Track was not found
aftermath,charles gross,Track was not found
agnus dei,akiko shikata (志方 あきこ),Track was not found
agua,batidos,Track was not found
ain't got no home,jimmy carl black,Track was not found
alabama,beatsystem,Track was not found
alice,lazy loons,Track was not found
all eyes,outersect,Track was not found
all i ask of you (reprise),the phantom of the opera [2004 soundtrack],Track was not found
all i have,"t. dobbelmann, g. brennan, n. brennan",Track was not found
all i need,amplive,Track was not found
all strung out,adrian sieber,Track was not found
all the pretty little horses,coil,Track was not found
allegri: miserere,the tallis scholars (directed by peter phillips),Track was not found
allegro con fuoco,antonín dvořák,Track was not found
allegro vivace,felix mendelssohn,Track was not found
alleluia,juan diego flórez,Track was not found
alley-oop,the bonzo dog band,Track was not found
alma,teddybears,Track was not found
almost there,delta goodrem,Track was not found
already there,the sight below,Track was not found
always look on the bright side of life,brobdingnagian bards,Track was not found
always on my mind,square sounds,Track was not found
amen,georg friedrich händel,Track was not found
american girl,jeffrey lewis,Track was not found
amesais rmx,zailm atoyanh & the removers,Track was not found
amoeba,phrulex,Track was not found
amos moses,alabama 3,Track was not found
amsterdam,anberlin,Track was not found
an apology,indiefox,Track was not found
anahata,bamboo forest,Track was not found
andalucia,bill whelan,Track was not found
andromeda,kai del noi,Track was not found
andy,the affair,Track was not found
anna (el negro zumbon),esquivel,Track was not found
annihilation,retractor,Track was not found
anodyne,mark dougherty,Track was not found
another lonely day,ben harper & the innocent criminals,Track was not found
antarctica,absinthe blind,Track was not found
anti-climax,the beebe brothers,Track was not found
antithesis,nigil caenaan,Track was not found
anxiety,temperament,Track was not found
anything goes,ana johnsson,Track was not found
anyway,matthias tanzmann,Track was not found
aphelion,fridge,Track was not found
aphrodite,vanessa daou,Track was not found
apocalypse,akir,Track was not found
apollo,tin raven,Track was not found
april,piana,Track was not found
arabesque,henry mancini & his orchestra,Track was not found
aria,5th projekt,Track was not found
ariel,matt howden,Track was not found
armageddon,judas iscariot,Track was not found
around us,lifeisround,Track was not found
around you,ingrid michaelson,Track was not found
arrival,sun kil moon,Track was not found
ascension,bryan el,Track was not found
ascent,jeff greinke,Track was not found
asshole,a,Track was not found
astimelusa,taraxia,Track was not found
astrology,mr. solo,Track was not found
at my heels,daedelus,Track was not found
at night,peter gabriel,Track was not found
atlantic,the aluminum group,Track was not found
atlantis,color collapse,Track was not found
audrey,van morrison,Track was not found
aura,figure,Track was not found
aurora,(noou),Track was not found
ausklang,pascal feos,Track was not found
autumn leaves,anne guus teerhuis trio,Track was not found
avatar,anti gravity league,Track was not found
ave maria,alexander goldscheider,Track was not found
avenue of trees,john foxx & harold budd,Track was not found
awakening,ashit desai,Track was not found
awake,griffin l.o.g.,Track was not found
axis,lacarno & burns,Track was not found
baby can i hold you,discover guys,Track was not found
baby doll,sunny leone,Track was not found
"baby, it's cold outside",al hirt; margret ann,Track was not found
bachelorette,badi assad,Track was not found
back where i started,curtis peoples,Track was not found
backward,volor flex,Track was not found
bad boy,9 lazy 9,Track was not found
bad city,feelms,Track was not found
bad girls,相川七瀬,Track was not found
bad seed,amduscia,Track was not found
bad trip,lee fields,Track was not found
bad,matthew dekay vs proluctors,Track was not found
bang,jadakiss,Track was not found
baraka,mercan dede,Track was not found
barcelona,freddie mercury & montserat caballé,Track was not found
barracuda,diffraction,Track was not found
bath,divine comedy,Track was not found
battle,beats antique,Track was not found
be happy,perpetual loop,Track was not found
be still my soul,aled jones,Track was not found
be thou my vision,pete huttlinger,Track was not found
beautiful girl,aitch,Track was not found
beautiful world,freetempo,Track was not found
because we can,lostep,Track was not found
before i go,yanni,Track was not found
before,contriva,Track was not found
behave,econochrist,Track was not found
believe,afta-1,Track was not found
bell tower,kitaro,Track was not found
bells,the bats,Track was not found
berceuse,the funky lowlives,Track was not found
bessie smith,bob dylan and the band,Track was not found
betray,大森俊之,Track was not found
better than this,harris tweed,Track was not found
better than,vineyard music,Track was not found
between the lines,farma g,Track was not found
between us,subtractivelad,Track was not found
between,the dead hensons,Track was not found
big boy,the reds,Track was not found
big sky,armin van buuren,Track was not found
bingo,lacto ovo,Track was not found
bipolar,aktivehate,Track was not found
bird song,buffalo daughter,Track was not found
bitter sweet,soulsberry,Track was not found
bitter,basilisk,Track was not found
black and white,blisargon demogorgon,Track was not found
black cat,psychic tv,Track was not found
black celebration,unfactory,Track was not found
black forest,goblin,Track was not found
black leather,nightmares on wax,Track was not found
black magic,kliment,Track was not found
black sun,non,Track was not found
black water,blu mar ten,Track was not found
blackjack,swati,Track was not found
blanche,klaus schulze,Track was not found
blessed youth (tech mix),gold digger,Track was not found
blind love,c.n.blue,Track was not found
bliss,falik,Track was not found
blood money,primal scream,Track was not found
blossom,komeda,Track was not found
blow,e-z rollers,Track was not found
blue room,tangerine dream,Track was not found
blues,dubska,Track was not found
blur,aphex twin,Track was not found
blutrausch,cyborg attack,Track was not found
bob,cipher,Track was not found
bolero,arthur lyman,Track was not found
bonus track,dilated peoples,Track was not found
boom,wild beasts,Track was not found
borderland,the revs,Track was not found
born,andrea liuzza,Track was not found
boundaries,my dad is dead,Track was not found
brain damage,robbie krieger,Track was not found
brain death,re_agent,Track was not found
break out,protoculture,Track was not found
breakfast of champions,tokyo 2005,Track was not found
breakfast,green handshake,Track was not found
breakin' up,g. love,Track was not found
breakthrough,broken ideology,Track was not found
break,portugal the man,Track was not found
breath,mendelayev,Track was not found
bright side,lissie,Track was not found
broken,amy lee,Track was not found
bruises,majandra delfino,Track was not found
buildings,jenny omnichord,Track was not found
bullet,freshfabrik,Track was not found
bull,same old shiver,Track was not found
burned,no second troy,Track was not found
burning times,elaine silver,Track was not found
burning,ben folds,Track was not found
butterfly song,heritage kids,Track was not found
bye bye love,brødrene olsen,Track was not found
c'est la vie,andrzej zaucha,Track was not found
cake,pony,Track was not found
caligula,quakes,Track was not found
calling you,jan johnston,Track was not found
calm,freddie joachim,Track was not found
can you hear me,lions,Track was not found
can't hold back,georg levin,Track was not found
can't stop,conya doss,Track was not found
canela,santana,Track was not found
cannonball,2 many dj's,Track was not found
canon,clogs,Track was not found
captain hook,shel silverstein,Track was not found
captive,mercan dede,Track was not found
capture me,terry oldfield,Track was not found
caramel,doc gyneco,Track was not found
caravan,buddhuza,Track was not found
carnaval,しかたあきこ,Track was not found
carried away,bassnectar,Track was not found
casablanca,so cow,Track was not found
catacomb,james dooley,Track was not found
catastrophe,the telephones,Track was not found
catherine,sylvie joly,Track was not found
catwalk,siouxsie and the banshees,Track was not found
cat,abanda shake,Track was not found
cavity,vices i admire,Track was not found
cellophane,violet vision,Track was not found
cemetery,project divinity,Track was not found
cenere,renato ventura,Track was not found
ceremony,ah*nee*mah,Track was not found
change the beat,fab 5 freddy,Track was not found
change the world,juliana down,Track was not found
checkpoint,25th daybreak,Track was not found
cherish,aeoliah,Track was not found
cherry blossom girl,hope sandoval,Track was not found
cherubic hymn,dmitri hvorostovsky,Track was not found
chi vuol la zingarella (who wants the gypsy girl?),akiko shikaka,Track was not found
chicago,claro intelecto,Track was not found
childhood's end,john young band,Track was not found
childhood,craig armstrong,Track was not found
china doll,rachel loshak,Track was not found
chloroform,blue sky black death,Track was not found
christina,earl klugh,Track was not found
cinderella,gioacchino rossini,Track was not found
citizen,procreation,Track was not found
cliché (original version),mishap crew,Track was not found
click,ciara,Track was not found
climbing,"lars danielsson, david liebman, jon christensen og bobo sten",Track was not found
cloudburst,critters buggin,Track was not found
clouds,nick elward,Track was not found
cock,mary & the boy / felizol,Track was not found
code,berserk in a hayfield,Track was not found
collapse,sonic mayhem,Track was not found
collide,elks,Track was not found
colorado,david allen slater,Track was not found
coma,god is an astronaut,Track was not found
combat,univers zero,Track was not found
come home,hecq,Track was not found
come raggio di sol,vagrancy,Track was not found
come to me,illusion of light,Track was not found
come what may (original film version),nicole kidman & ewan mcgregor,Track was not found
comets,super extra bonus party,Track was not found
coney island girl,aleksandra kwasniewska and the belgian sweets,Track was not found
confession,b t s,Track was not found
contact,claro intelecto,Track was not found
contradictions,natalie imbruglia,Track was not found
contradiction,apparat,Track was not found
contrasto,akiko shikata (志方 あきこ),Track was not found
control,control alt deus,Track was not found
cornelius,the smiles and frowns,Track was not found
cosa,9 lazy 9,Track was not found
couleur cafe,voodoo gang,Track was not found
coyote,harold budd,Track was not found
cradle,mattafix,Track was not found
crave,björk,Track was not found
creation,michelle mays,Track was not found
critical mass,misled convoy,Track was not found
crown him with many crowns,vineyard music,Track was not found
cruella de vil,disney,Track was not found
cruelty,the wolfhounds,Track was not found
crunchy,pbnj band,Track was not found
crushed,cocteau twins,Track was not found
cry me a river,swans,Track was not found
crystal,a pink,Track was not found
cumulus,blu mar ten,Track was not found
curious,holopaw,Track was not found
curse,robbie williams,Track was not found
curtain call,friday mile,Track was not found
cycles,maetrik,Track was not found
c,8otto,Track was not found
damage,david sylvian & robert fripp,Track was not found
damascus,devaldi,Track was not found
dance with me,griffin l.o.g.,Track was not found
dance,derek webb,Track was not found
dangerous game,frank wildhorn,Track was not found
dark moon,大森俊之,Track was not found
dark room,virtual><embrace,Track was not found
darkroom,rez,Track was not found
david,labradford,Track was not found
daybreak,maneki neko,Track was not found
days go by,lightning dust,Track was not found
de profundis,arvo pärt,Track was not found
de verzoening,liesbeth list,Track was not found
dead but dreaming,fields of the nephilim,Track was not found
dead by dawn,depth charge,Track was not found
dead skunk,larry groce,Track was not found
dead,komeda,Track was not found
dear jane,destruction junkie,Track was not found
dear prudence,across the universe,Track was not found
death march,aslan faction,Track was not found
december,alexander piterskiy,Track was not found
deep blue,keiko matsui,Track was not found
deep water,jude johnstone,Track was not found
default living,floodline,Track was not found
delicate,angie hart,Track was not found
delightful spekkio,yasunori mitsuda,Track was not found
delta,the higher intelligence agency,Track was not found
demolition,loco,Track was not found
denial,pure,Track was not found
der weg,arbeit,Track was not found
descent,darkened heart,Track was not found
desert,matt uelmen,Track was not found
desperate man,tibursky,Track was not found
destroy,fixmer/mccarthy,Track was not found
detachable penis,the flaming lips,Track was not found
deus ex machina,omar a. rodriguez-lopez,Track was not found
devotion,aeoliah,Track was not found
diane,gravenhurst,Track was not found
die fete,rainald grebe und die kapelle der versöhnung,Track was not found
dilemma,max enforcer & waverider,Track was not found
dirty boy,mississippi sludge,Track was not found
dirty little secret,thievery corporation,Track was not found
dirt,sleep,Track was not found
distance,cesium_137,Track was not found
distant,overgrowing,Track was not found
dis,fungus funk,Track was not found
diva,jean michel jarre,Track was not found
dizzy,joe robinson,Track was not found
do what you want,david ryan harris,Track was not found
do you realize?,orenda fink,Track was not found
do you wanna rock and roll?,adam beebe-infanticide and friends,Track was not found
domination,asseptic room,Track was not found
don't be shy,george duke,Track was not found
don't bother,jack simons,Track was not found
don't cha,the game,Track was not found
don't leave me alone,argaman,Track was not found
don't let the sun go down on your grievances,clem snide,Track was not found
doris,sumner mckane,Track was not found
double talk,fats navarro,Track was not found
down by the riverside,the dirty dozen brass band,Track was not found
"down, down, down",matt howden,Track was not found
downfall,sophia,Track was not found
downtown,glo-worm,Track was not found
dr. good,adrian sieber,Track was not found
dragons,aleksi virta,Track was not found
drama,k. hand,Track was not found
dreaming of you,plastic noise experience,Track was not found
dreams,303mansin,Track was not found
dream,goldfish,Track was not found
drive away,thomas newman,Track was not found
droga na smolensk,bulat okudzawa,Track was not found
drop it,math head,Track was not found
drowning,aletta,Track was not found
drunk and belligerent,adam zivojnovich,Track was not found
dry flower,井元ともこ,Track was not found
dub,ernesto schnack,Track was not found
duel,volksweerbaarheid,Track was not found
duet,inara george,Track was not found
dust,ainslie henderson,Track was not found
dyson,beresith,Track was not found
eastern promise,clubroot,Track was not found
easy rider,artur andrus,Track was not found
echoes,california guitar trio,Track was not found
eclipse ii,life toward twilight,Track was not found
eclipse,call & response,Track was not found
effigy,lost signal,Track was not found
egal,spaceman spiff,Track was not found
eight,faithless,Track was not found
einsamkeit,die zwei,Track was not found
el congo - original,celia cruz y sonora matancera,Track was not found
electric death song,vinyl stickons,Track was not found
electric,davy vain,Track was not found
eleven,ataraxia,Track was not found
elysian fields,2002,Track was not found
embers,no-xygen,Track was not found
embrace,c-systems,Track was not found
empires,wappenbund,Track was not found
empire,alex bilo & wit,Track was not found
encore,bloomfield,Track was not found
end credits,disko-ions,Track was not found
end of the line,negative/negative,Track was not found
end to end,woods family creeps,Track was not found
ende,archon satani,Track was not found
endless summer,anoraak,Track was not found
entanglement,lucy tentacles,Track was not found
entrance,hall of mirrors,Track was not found
epic,karsh kale,Track was not found
epilogue,angizia,Track was not found
epiphany,ecanasia,Track was not found
equinox,origin unknown,Track was not found
erlend - original mix,"francis, ted",Track was not found
erotica,aguaturbia,Track was not found
estelle,contreband,Track was not found
eternal love,shoshannah,Track was not found
eternal sunshine,jay electronica,Track was not found
ethereal awakening,divinity,Track was not found
ethereal void,divinity,Track was not found
etude,adrian sieber,Track was not found
euphoria,circuit chase,Track was not found
europa,adebisi shank,Track was not found
euterpe - エウテルペ,vagrancy,Track was not found
eva,gabi newman,Track was not found
even now,2002,Track was not found
evening,the field,Track was not found
evenstar,isabel bayrakdarian,Track was not found
everlasting dream,reyna,Track was not found
every day,aphrodesia,Track was not found
every season,nicole mordeman,Track was not found
everybody,bassnectar,Track was not found
everything to me,the northern coast,Track was not found
everything,alfonzo hunter,Track was not found
evidence,eternia,Track was not found
evolution,bfc,Track was not found
excite me,eating betty,Track was not found
exec_chronicle_key/.,l-m-p (lost music planet),Track was not found
exec_ep=nova/.,しかたあきこ,Track was not found
exec_with.method_metafalica/.,shikata akiko & shimotsuki haruka,Track was not found
exile,triarii,Track was not found
expansion,subatomic dreams,Track was not found
explode,a2z's,Track was not found
exposure,jean renouard,Track was not found
expression,the bridgeheads,Track was not found
eyes,coldreams,Track was not found
fabric,henry cowell,Track was not found
faces,behan johnson,Track was not found
factory girl,whiskeytown,Track was not found
faded,afghan whigs,Track was not found
fairy tale,ascent and argus,Track was not found
fallen,gary numan,Track was not found
falling (original mix),maceo plex,Track was not found
falling down,jehst,Track was not found
fall,cheatahs,Track was not found
family,cornelius,Track was not found
fast forward,el ten eleven,Track was not found
fata morgana,nico,Track was not found
father time,colin chin,Track was not found
fear,clepsydra,Track was not found
feathers,nina june,Track was not found
feel good inc.,de la soul,Track was not found
feel this (featuring enation),bethany joy lenz,Track was not found
feelms,stidiek,Track was not found
fences,entertainment for the braindead,Track was not found
feral,dirty three,Track was not found
festival,kino no tabi,Track was not found
fight like gods,king dude & chelsea wolfe,Track was not found
finale,gustav mahler,Track was not found
find a way,king kooba,Track was not found
fire drums,ariel kalma,Track was not found
first light,converge,Track was not found
first movement,georg philipp telemann,Track was not found
first sight,ikson,Track was not found
fish,buddhuza,Track was not found
fissure,umkra,Track was not found
five,mr cooper,Track was not found
flinch,carla kihlstedt,Track was not found
floating,[:sitd:],Track was not found
flower in the universe,島みやえい子,Track was not found
flume,nathan youngblood (with steve roach),Track was not found
flying carpet,david starfire,Track was not found
follow your heart,wynter gordon,Track was not found
follow you,samara lubelski,Track was not found
for my people,missy elliott,Track was not found
for the fallen ones,triarii,Track was not found
forbidden,the soundrops,Track was not found
force awakens,hugo vazquez,Track was not found
forest crunk,blockhead,Track was not found
forever lost,god is an astronaut,Track was not found
forever young,fire and ice,Track was not found
forever,arclight,Track was not found
forget me not,sieben,Track was not found
forget,curse ov dialect,Track was not found
forgiveness,chronos,Track was not found
forgotten waltz,lost music planet,Track was not found
fragile,god is an astronaut,Track was not found
fragment,max richter,Track was not found
frailty,rez,Track was not found
free your mind,bright,Track was not found
freefall,robin guthrie,Track was not found
freestyle,immortal technique,Track was not found
freeze,ron anderson,Track was not found
free,black lung brothers,Track was not found
french kisses,bloomfield,Track was not found
fresh,lifeisround,Track was not found
friday night,knoxville,Track was not found
friendship train,the cate brothers,Track was not found
friendship,viper horse,Track was not found
friend,archive,Track was not found
frost,lars leonhard,Track was not found
fukher,geoff berner with wayne adams and diona davies,Track was not found
full moon,chinmaya dunster,Track was not found
funeral march,frédéric chopin,Track was not found
further away,the sight below,Track was not found
fuse,hudson mohawke,Track was not found
future,jim rivers,Track was not found
gabriel's oboe,mark joseph,Track was not found
game,ムック,Track was not found
ganymede,ethereal pilgrim,Track was not found
gardenhead/leave me alone,jeff mangum,Track was not found
garden,asteroid,Track was not found
gathering dusk,project divinity,Track was not found
gayatri mantra,anuradha paudwal,Track was not found
get back,magda piskorczyk,Track was not found
get it on,the soho cobras,Track was not found
get up,50 htz,Track was not found
getaway,adrienne frantz,Track was not found
getting down,환희,Track was not found
ghetto musick,outkast,Track was not found
ghostbusters,ed rush & optical,Track was not found
ghosts,biocarbon13,Track was not found
gift,ポルノグラフィティ,Track was not found
gimme shelter,london symphony orchestra,Track was not found
giselle,stew,Track was not found
give,cranes,Track was not found
gjallarhorn,aurastys,Track was not found
glimmer,the album leaf,Track was not found
glitter,jacob allen,Track was not found
gloomy sunday,artie shaw,Track was not found
gloria,arvo pärt,Track was not found
glorious vagina,angel boris,Track was not found
go on,gore gore girls,Track was not found
god bless the child,lisa simpson,Track was not found
god give me strength,elvis costello live with the metropole orkest,Track was not found
gold in them hills,coldplay,Track was not found
goldmine,fitness club fiasco,Track was not found
gone too far,the reds,Track was not found
good girl gone bad,purrpurr,Track was not found
good,child wage slave #324879141242,Track was not found
go,a2z's,Track was not found
grace,aitch,Track was not found
grass,cabinet of natural curiosities,Track was not found
greed,kevin cryderman,Track was not found
green grass,cabinet of natural curiosities,Track was not found
green light,mtume,Track was not found
greensleeves,david nevue,Track was not found
green,blockhead,Track was not found
greetings,"haastrup, joni",Track was not found
grey,nebulo,Track was not found
grief,westwind,Track was not found
ground zero,go sakabe,Track was not found
grounded,lovebugs,Track was not found
gun,atomica,Track was not found
gush,maria schneider orchestra,Track was not found
gypsy woman,сегодняночью,Track was not found
g,zailm atoyanh,Track was not found
halfway house,apricot rail,Track was not found
hall of records,james call!,Track was not found
hallelujah,azar baksh,Track was not found
halloween ii,samhain,Track was not found
hammer,c-netik & gancher & ruin,Track was not found
hana,asa chang & junray,Track was not found
happy birthday,pizzicato five,Track was not found
happy days are here again,ben selvin orchestra,Track was not found
happy days,alan starck,Track was not found
happy new year,ivor game,Track was not found
hard rain,alloy,Track was not found
hardcore,the society of invisibles,Track was not found
harlem nocturne,boots randolph,Track was not found
harmony,lifeisround,Track was not found
haunting me,richey hackett,Track was not found
haze,blake mckibben,Track was not found
he said she said,batacuda sound machine,Track was not found
he's my guy,marjorie barnes,Track was not found
headphones,the aluminum group,Track was not found
head,gilbert,Track was not found
heartache,"stay strong, cannonball",Track was not found
heartbeats,elew,Track was not found
heartland,kiss the anus of a black cat,Track was not found
heart,beatkonexion,Track was not found
heather,carpenters,Track was not found
heatwave,julien creance,Track was not found
heaven knows,rinaldi sings,Track was not found
helicopters,laura burhenn,Track was not found
helix,byetone,Track was not found
helpless,audrey,Track was not found
here comes the sun,michelle creber,Track was not found
here i am,andrew boyd,Track was not found
here,dustin evans,Track was not found
heroin,john cale,Track was not found
hey,crustation,Track was not found
hidden hand,the budos band,Track was not found
hidden,craig armstrong,Track was not found
high beams,miami nights 1984,Track was not found
high energy,ultrasonic,Track was not found
high spirits,govi,Track was not found
history,mos def,Track was not found
hokkaido,amon tobin,Track was not found
hold me,nathaniel slade,Track was not found
holy,mono,Track was not found
homewrecker,ariel winter,Track was not found
home,am,Track was not found
honey bunny,mgmt,Track was not found
honey,doveman,Track was not found
hopeless,969,Track was not found
hopes and dreams,jim chappell,Track was not found
hopscotch,ufomammut,Track was not found
horn,kammerflimmer kollektief,Track was not found
horses,aromabar,Track was not found
horse,the bottomfeeders,Track was not found
hospital,michael knott,Track was not found
house of cards,...music video?,Track was not found
how come,embrace,Track was not found
how long,allison crowe,Track was not found
human sacrifice,banisher,Track was not found
hummingbird,george winston,Track was not found
hunger,acylum,Track was not found
hungry heart,the matthews brothers,Track was not found
hurricane,5th projekt,Track was not found
hurt so bad,grant green,Track was not found
hymn to the mother of god,diverse,Track was not found
hymn,age pee,Track was not found
i am my beloved's,danielson famile,Track was not found
i can see clearly now,even in blackouts,Track was not found
i can't help it,tangoterje,Track was not found
i can't let go,annie,Track was not found
i can't wait,brassy,Track was not found
i die,azar baksh,Track was not found
i don't know you,charalambides,Track was not found
i don't mind,the national,Track was not found
i don't wanna,slambo,Track was not found
i hate you,wizo,Track was not found
i like girls,adam beebe,Track was not found
i love paris,jack costanzo,Track was not found
i miss you,condensia,Track was not found
i need you,amp fiddler,Track was not found
i need,matt lancaster,Track was not found
i should tell you,jonathan larson,Track was not found
i want candy,mc chris (mc pee pants),Track was not found
i want you back,kt tunstall,Track was not found
i'll be your lover too,rob pattinson,Track was not found
i'm an asshole,chris mackey,Track was not found
i'm happy,ivor cutler,Track was not found
i'm in love with a german film star,sam taylor-wood,Track was not found
i'm not your bird,zhuzha & petrovich,Track was not found
i'm ready,allison weiss,Track was not found
i'm super,big gay al,Track was not found
i'm the man,lee fields,Track was not found
i'm too sexy,various artists,Track was not found
i'm wild about that thing,steinski,Track was not found
i've seen it all,björk ft. thom yorke,Track was not found
i. allegro,carl philipp emanuel bach,Track was not found
icon,k.i.f.o.t.h.,Track was not found
idumea,anonymous 4,Track was not found
if it doesn't kill you,siouxsie and the banshees,Track was not found
if ye love me,the sixteen,Track was not found
ignition,for the imperium,Track was not found
iii,der blutharsch,Track was not found
ii,der blutharsch,Track was not found
illumination,deuter,Track was not found
illusion,benny benassi,Track was not found
immersion,master margherita,Track was not found
imperial,seefeel,Track was not found
impromptu,saint-preux,Track was not found
in a lonely place,joy division,Track was not found
in dreams,crash my model car,Track was not found
in flight,lusine icl,Track was not found
in mind,the future sound of london,Track was not found
in space,psyfactor,Track was not found
in the air,cokiyu,Track was not found
in the beginning,mike warnke,Track was not found
in the hall of the mountain king,epica,Track was not found
in time,arrica rose,Track was not found
in your hands,jimmy ward,Track was not found
inamorata,oren ambarchi,Track was not found
incantation,kevin kerrigan,Track was not found
independence day,barbie almalbis,Track was not found
indigo,ed alleyne-johnson,Track was not found
inevitable,lifeisround,Track was not found
infection,biostorm,Track was not found
infinity,maturo,Track was not found
ink,ddamage,Track was not found
inner peace,steven halpern,Track was not found
innerspace,airwave,Track was not found
inside,36,Track was not found
insomnia,msk,Track was not found
inspiration,rootjoose,Track was not found
instrumental,ll cool j,Track was not found
interlude,aeoliah,Track was not found
intermission,coeur de pirate,Track was not found
intervention,project creation,Track was not found
inti zar,yahel feat. riko,Track was not found
into the labyrinth,skyedance,Track was not found
into the white,the lake isle,Track was not found
introduction,amy weintraub,Track was not found
introitus,douwe eisenga,Track was not found
invasion,eminem,Track was not found
invisible,leah,Track was not found
io,super-a-loof,Track was not found
ironic,michelle marsh,Track was not found
it ain't easy,brad,Track was not found
it never entered my mind,george shearing,Track was not found
"it takes a lot to laugh, it takes a train to cry",al kooper; steve stills,Track was not found
it's alright with me,oleta adams,Track was not found
it's alright,gary b,Track was not found
it's not your fault,ashley cleveland,Track was not found
iv,der blutharsch,Track was not found
i,cacogen,Track was not found
jack in the box,logic bomb,Track was not found
jagged,leslie hunt,Track was not found
james call's peter and the wolf,german cars vs american homes,Track was not found
jane,critical mass,Track was not found
jericho,eisenfunk,Track was not found
jerusalem,jeff bjorck,Track was not found
jesu joy of man's desiring,paul haslem,Track was not found
jetstream,lusine icl,Track was not found
jewel,jun miyake,Track was not found
jimmy,0167. [1973] boudewijn de groot,Track was not found
johanna,ost,Track was not found
journey,elane,Track was not found
judgment day,taaos,Track was not found
julia,broken ideology,Track was not found
juliet,dj cam,Track was not found
june bug,melvins,Track was not found
june,marbury,Track was not found
jungleland,"springstreen, bruce & the e street band",Track was not found
just a thought,michael andrews,Track was not found
just because,deebo mac,Track was not found
just like you,tower of power,Track was not found
justify my love,front line assembly,Track was not found
karuna,manish vyas,Track was not found
karussell,michael rother,Track was not found
katharsis,nheap,Track was not found
katmandu,béla fleck,Track was not found
kick,colour coding,Track was not found
kiiro,shugo tokumaru,Track was not found
killing me softly,eva cassidy,Track was not found
kinetic,dexplicit,Track was not found
kisses,love and light,Track was not found
komm oh tod du schlafes bruder,johann sebastian bach,Track was not found
kung fu christmas,christopher guest,Track was not found
kyrie,furahakören,Track was not found
l'alba dei morti viventi,daemonia,Track was not found
la sirene,井元ともこ,Track was not found
la sola,kenji kawai,Track was not found
lala,los tres,Track was not found
lament,arcana,Track was not found
languish,malhavoc,Track was not found
last breath,aaron marshall,Track was not found
last dance,husky rescue,Track was not found
last song,巡音ルカ,Track was not found
lazuli,bartek kolodziejczyk,Track was not found
lazy,andy smith,Track was not found
le lacrime,vagrancy,Track was not found
leave the lights on,aughra & mosh patrol,Track was not found
legendary,belle plaine,Track was not found
let happiness come soon to me,mr solo,Track was not found
let the tournament begin,hans zimmer and john powell,Track was not found
letter,kandis,Track was not found
leviathan,christopher young,Track was not found
leyre,akiko shikata (志方 あきこ),Track was not found
liebe,ayla,Track was not found
life is beautiful,jake coco,Track was not found
lifeline,edison's children,Track was not found
lifestyle,david grumel,Track was not found
lifetime,into the fold,Track was not found
light my fire,george winston,Track was not found
lilybelle,geraldine fibbers,Track was not found
limbo,kevin cryderman,Track was not found
lip service,lip service music,Track was not found
listen up,doc powell,Track was not found
list,brandy,Track was not found
litany,manic street preachers,Track was not found
little angel,bobby hutcherson,Track was not found
little brother,aromabar,Track was not found
little life,josephine foster,Track was not found
little wheel,canned heat,Track was not found
living dead,obszön geschöpf,Track was not found
living room,emeralds,Track was not found
living sacrifice,井元ともこ,Track was not found
lobster,red snapper,Track was not found
loki,sieben,Track was not found
lolita,ink and dagger,Track was not found
london town,paul mccartney,Track was not found
lonely (없구나),비원에이포 (b1a4),Track was not found
lonely road,firebird,Track was not found
lonely star,asura,Track was not found
lonely tonight,matt casella,Track was not found
lonely woman,diamanda galás,Track was not found
long road,eddie vedder with mike mccready and neil young,Track was not found
long way down,bowery electric,Track was not found
longing,anekdoten,Track was not found
look away,crissi cochrane,Track was not found
look up,emlyn ellis addison,Track was not found
lookin' forward,vic sadot,Track was not found
looking back,kerry muzzey,Track was not found
lose it,devlin love,Track was not found
losing control,negative for francis,Track was not found
lost & found,amon tobin,Track was not found
lost and found,auditory canvas,Track was not found
lost for words,asc,Track was not found
lothlorien,david arkenstone,Track was not found
louie louie,detroit7,Track was not found
louie,phil milstein,Track was not found
love and hate,biuret,Track was not found
love is,azar baksh,Track was not found
love stinks,bile,Track was not found
love you,bloomfield,Track was not found
lover man,palya bea,Track was not found
lover's spit,feist,Track was not found
lovin' u,javier,Track was not found
low red moon,maluns,Track was not found
lullaby of birdland,count basie,Track was not found
lullaby,balanescu quartet,Track was not found
lull,peter broderick,Track was not found
luna piena,akiko shikata (志方 あきこ),Track was not found
luv,travis - the man who,Track was not found
lux aurumque,laudate,Track was not found
macbeth,laibach,Track was not found
macgillycuddy's reeks,medwyn goodall,Track was not found
machete,drop top,Track was not found
machine,replikants,Track was not found
mad world,ed alleyne-johnson,Track was not found
madder sky,koutarou nakagawa,Track was not found
madness,adrian belew,Track was not found
magdalena,frank zappa,Track was not found
maggie's farm,toots hibbert,Track was not found
maggie,the durutti column,Track was not found
magic,aretha henry,Track was not found
magnetic,s>range,Track was not found
magnet,telemetrik,Track was not found
magnificat,thomas tallis,Track was not found
"maiden, mother, crone",spiral rhythm,Track was not found
main theme,jeremy soule,Track was not found
main titles,kyle eastwood & michael stevens,Track was not found
make believe,jolejnik,Track was not found
makeda ～queen of sheba～,vagrancy,Track was not found
making universe,zhuzha & petrovich,Track was not found
"mama, you been on my mind",bob dylan & joan baez,Track was not found
manana,christophe goze,Track was not found
manic,bouffant idiots,Track was not found
manifest destiny,sirrus,Track was not found
manipulation,tense & nevermind,Track was not found
maple leaf rag,joshua rifkin,Track was not found
marakesh,peace orchestra,Track was not found
marche funèbre,dernière volonté,Track was not found
march,knut,Track was not found
mare (andante molto espressivo),vagrancy,Track was not found
margarita,verde 3,Track was not found
marian,goldbarne,Track was not found
marie,copenhagen,Track was not found
marijuana,brian robbins,Track was not found
marionette,mathew jonson,Track was not found
marriage,bruce cropley,Track was not found
mars,gustav holst,Track was not found
mask,keiko matsui,Track was not found
mass,aube,Track was not found
maxwell's silver hammer,ukelilli,Track was not found
max,junior boys,Track was not found
may queen,three weird sisters,Track was not found
maya,rich willison,Track was not found
may,cawatana,Track was not found
maze,大森俊之,Track was not found
meditation,craig urquhart,Track was not found
meera,dj cam,Track was not found
melt,shiloh,Track was not found
memento mori,the cracow klezmer band,Track was not found
memorial,matters & dunaway,Track was not found
memoria,kin,Track was not found
memories,boat club,Track was not found
memory song,meredith monk,Track was not found
memory,the seatbelts,Track was not found
messages,maston,Track was not found
messenger,blonde redhead/david sylvian,Track was not found
metropolis,amiran,Track was not found
mi zúg...?,dalriada,Track was not found
midnight cowboy,ferrante & teicher,Track was not found
midnight express,dieselboy + evol intent + ewun,Track was not found
midnight train,the falling spikes,Track was not found
milk & honey,immi,Track was not found
millenium,outkast,Track was not found
millionaire,logistics,Track was not found
mirage,terje rypdal,Track was not found
miranda,michael nyman,Track was not found
miserere,armin van buuren,Track was not found
missa brevis,credo,Track was not found
mission,leahy,Track was not found
mississippi,jarboe,Track was not found
misty,clinic,Track was not found
mist,imprinting,Track was not found
mittelmäßiger klaus,rainald grebe und die kapelle der versöhnung,Track was not found
mixed feelings,logic,Track was not found
mk ultra,black rebel motorcycle club,Track was not found
momentum,ambient generation,Track was not found
monkey talk,3/4hadbeeneliminated,Track was not found
monkey,locas in love,Track was not found
monolith,beta band,Track was not found
monster,burɴ,Track was not found
moon river,billy may,Track was not found
moonlight serenade,"durham, conte, farao",Track was not found
morning sun,dawn landes,Track was not found
morpheus,maissouille,Track was not found
mosquito,ingrid michaelson,Track was not found
motion picture soundtrack,christopher o'riley,Track was not found
motor,myslovitz,Track was not found
mount kailash,chinmaya dunster,Track was not found
mountain,emma forman,Track was not found
mouth to mouth,audion,Track was not found
movement,kikaruu,Track was not found
mr. jones,steve howe,Track was not found
mrs. robinson,bon jovi,Track was not found
muted,olive,Track was not found
mute,loscil,Track was not found
mutineer,bob dylan,Track was not found
my blue heaven,artie shaw,Track was not found
my life,50 cent,Track was not found
my mother was the moon,king dude & chelsea wolfe,Track was not found
my own hell,mortal void,Track was not found
my ride's here,bruce springsteen,Track was not found
mysterium,liturgy,Track was not found
mystery,ibis music,Track was not found
m,la casa al mare,Track was not found
naked,deela feat. inga lühning,Track was not found
nancy,sangeeta,Track was not found
narcotic,no second troy,Track was not found
natalie portman,team sleep,Track was not found
necropolis,nine inch nails,Track was not found
negative,hell reverence,Track was not found
nemesis,aaron parks,Track was not found
neptune,break reform,Track was not found
neuland,wort-ton,Track was not found
never be the same,rialto,Track was not found
never never,klute,Track was not found
neverland,richey hackett,Track was not found
nevicata,志方あきこ,Track was not found
new beginning,planet boelex,Track was not found
new country,jean-luc ponty,Track was not found
new dawn,bliss,Track was not found
new karma,adrian sieber,Track was not found
new morning,takashi,Track was not found
new thing,bridge underwater,Track was not found
new world,destruction junkie,Track was not found
new york,davy vain,Track was not found
new,björk,Track was not found
next time,little wings,Track was not found
night of the vampire,roky erickson and the aliens,Track was not found
night shift,oar,Track was not found
night swimming,sounds that soothe,Track was not found
nightfall,amtronic,Track was not found
nightlight,castledoor,Track was not found
nightshift,fable,Track was not found
night,benga,Track was not found
no more love,righteous boy,Track was not found
no regrets,black devil,Track was not found
no remorse,7 heads of destruction,Track was not found
no retreat,侯珺硕,Track was not found
nocturnal,cinema strange,Track was not found
noise,k. hand,Track was not found
norway,zailm atoyanh,Track was not found
not guilty,cunninlynguists,Track was not found
not here,angel grant,Track was not found
not like the movies,tibursky,Track was not found
not that,stephen jones,Track was not found
not yet,detroit diesel,Track was not found
nothing compares 2 u,dan kelly,Track was not found
notturno,edvard grieg,Track was not found
now or never,ashelyn summers,Track was not found
now that we found love,"oh, harry",Track was not found
now,alex murrel,Track was not found
number nine,van dyke parks,Track was not found
nursery rhyme,raymond scott,Track was not found
o come all ye faithful,patty loveless,Track was not found
o ecclesia,hildegard von bingen,Track was not found
o holy night,mills single violano virtuoso,Track was not found
o jesu christe,van berchem,Track was not found
o magnum mysterium,the choir of new college oxford,Track was not found
o soave fanciulla,michael bolton duet with renée fleming,Track was not found
oblivion,5th projekt,Track was not found
obnoxious,pia fraus,Track was not found
obsession,cabaret voltaire,Track was not found
obsolete,magne furuholmen,Track was not found
ocean blue,the layaways,Track was not found
ocean,dabney morris,Track was not found
ode,david darling & jan garbarek,Track was not found
oh smania! oh furie! ~ d'oreste e d'aiace,シカタ★アキコ,Track was not found
ok,los zapatos muertos,Track was not found
om mani padme hum,jonathan goldman,Track was not found
om namah shivaya,azar baksh,Track was not found
om shanti,taruna,Track was not found
ominous,punishment of scaphae,Track was not found
on air,saafi brothers,Track was not found
on my own,delta goodrem,Track was not found
on the line,vain,Track was not found
once again,earl klugh,Track was not found
ondine,maurice ravel,Track was not found
one day,rotoscope,Track was not found
one hundred years,five for fighting,Track was not found
one last time,bernard weinstock,Track was not found
one love,blue lunar monkey,Track was not found
one meatball,bing crosby with the andrews sisters,Track was not found
one of a kind,portecho,Track was not found
opel,muslimgauze,Track was not found
open happiness,butch walker,Track was not found
open your eyes,brookes brothers,Track was not found
opening,aaron zigman,Track was not found
orange,art of trance,Track was not found
orchestrion,michael rother,Track was not found
orion,mindscape & jade,Track was not found
other people,the home guard,Track was not found
other side,son kite,Track was not found
otherworld,delerium,Track was not found
ouroboros,the mars volta,Track was not found
out loud,dispatch ft. john mayer,Track was not found
out of the blue,broken ideology,Track was not found
out of touch,darkstar,Track was not found
outremer,irfan,Track was not found
outside the lines,holiday parade,Track was not found
outside,aaron ackerson,Track was not found
outta control,colton brown,Track was not found
overkill,jackson jackson,Track was not found
overland,jef stott,Track was not found
overtime,emma forman,Track was not found
overture,bernard cribbins,Track was not found
oxygen,björk,Track was not found
paedo-joy and infantile fecal play,chris mackey,Track was not found
paints of war,cesare ferrari,Track was not found
pain,brian square,Track was not found
pan tadeusz,zebrowski & jopek,Track was not found
pandora's box,erik mongrain,Track was not found
paperweight,joshua radin & schuyler fisk,Track was not found
paradise lost,denny earnest,Track was not found
paragon,gary girouard,Track was not found
parallel universe,tron vs. implant,Track was not found
paranoia,harmonic 33,Track was not found
paranoid,[unknown],Track was not found
paris is burning,romance,Track was not found
part 1,devil doll,Track was not found
part 2,devil doll,Track was not found
part 5,kalte container (first nebel project),Track was not found
part 8,devil doll,Track was not found
part i,mike oldfield,Track was not found
parterre,志方あき,Track was not found
party time,the mattoid,Track was not found
passing through,alex smoke,Track was not found
pastorale,boudewijn de groot,Track was not found
peace of mind,angelzoom,Track was not found
peaceful,louis landon,Track was not found
pearl,metricks,Track was not found
pep,polytechnic,Track was not found
perfect day,beatkonexion,Track was not found
pet,katie paisant,Track was not found
phantasmagoria,torture garden,Track was not found
phantom,broadcast,Track was not found
phobos,anthony rother,Track was not found
piccadilly circus,kelsey brown,Track was not found
pigs,the mishap crew!!,Track was not found
ping pong,speedy j,Track was not found
pirates of the caribbean,井元ともこ,Track was not found
place of rest,rob mccormack,Track was not found
playing god,mainesthai,Track was not found
plaything,roy budd,Track was not found
play,adrian sieber,Track was not found
plinky plonky,born ruffians,Track was not found
polymnia - ポリュムニア,志方あきこ,Track was not found
polymorphia,antoni wit,Track was not found
ponekad,saška janković,Track was not found
postcard,afternoon naps,Track was not found
power to the people,geraldo pino & the heartbeats,Track was not found
powerless,distorted pony,Track was not found
prana,craig kohland & shaman's dream,Track was not found
precipice,tribal tech,Track was not found
prelude,a7ie,Track was not found
premonitions,arbiter,Track was not found
presto,franz schubert,Track was not found
pretty baby,augustus pablo,Track was not found
prick (distant fires burning mix),dementio13/distant fires burning,Track was not found
pride,[:sitd:],Track was not found
prime,logic,Track was not found
princesa,feelms,Track was not found
prince,lakey inspired,Track was not found
procession,troum,Track was not found
prologue,fsfreak,Track was not found
prolog,march of heroes,Track was not found
promenade,modest petrovich mussorgsky,Track was not found
prophecy,a.j. rosales,Track was not found
prototype (meant to fly),adrian sieber,Track was not found
providence,deerhunter,Track was not found
pure,boney james,Track was not found
purple haze,johnny jones,Track was not found
purple,aes dana,Track was not found
q,nu moon,Track was not found
rabbit,arnold,Track was not found
radio edit,faithless,Track was not found
rain man,broken ideology,Track was not found
rain song,松任谷由実,Track was not found
rainbow connection,utah state that one,Track was not found
rainbow,mono,Track was not found
raindrops,magic moods,Track was not found
rainfall,louis philippe,Track was not found
rainy day,avenue d,Track was not found
rain,a7ie,Track was not found
raise your hand,3d,Track was not found
rape your god,xmh,Track was not found
rat race,child's play,Track was not found
ravine,shade empire,Track was not found
razzamatazz,patti austin,Track was not found
react,quasimoto,Track was not found
ready,charles webster,Track was not found
real life,cary grace,Track was not found
reason,hartfield,Track was not found
reckless,africa bambaataa feat. ub40,Track was not found
red eyes,amun,Track was not found
red lights,carl craig,Track was not found
red sky,alex shore,Track was not found
reflections,innocence,Track was not found
reflex,emmanuel top,Track was not found
refuge,vas,Track was not found
remedy,jolejnik,Track was not found
remember me,blood & time,Track was not found
reminiscence,坂部剛,Track was not found
remnant,alienapia,Track was not found
resurrection,aslan faction,Track was not found
returning home,project creation,Track was not found
revelations,innerverse,Track was not found
rhodes,anima sound system,Track was not found
rider,will oldham,Track was not found
ride,bt,Track was not found
ring of fire,colin murray,Track was not found
riot,flying lotus,Track was not found
rising,julia rosedale,Track was not found
rituals,nicola conte,Track was not found
riverside,mothlite,Track was not found
road head,farmer joe & the ignorant corpses,Track was not found
roam,lijie,Track was not found
rock island line,the lonnie donegan skiffle group,Track was not found
rogue,matt uelmen,Track was not found
romana,tosca,Track was not found
romeo and juliet,henry mancini,Track was not found
rotation,humanoid,Track was not found
rotor blade axe,gold digger,Track was not found
rough sex,decoder ring,Track was not found
round midnight,diamanda galás,Track was not found
round,jethro tull,Track was not found
ruiner,the body,Track was not found
ruins,axiom ambient,Track was not found
run away,acylum,Track was not found
runaway train,jamie scott & the town,Track was not found
runaway,amber pacific feat. mike herrera of mxpx,Track was not found
running the world,jarvis,Track was not found
ruthless,b. calloway,Track was not found
sahara,collective minds,Track was not found
sail away,angela bofill,Track was not found
sally,god gays and guns,Track was not found
salome,irfan,Track was not found
salvador,hexstatic,Track was not found
salve regina,the sixteen,Track was not found
sammasati,deva premal & miten,Track was not found
sanctuary,bvdub,Track was not found
sangue,marli,Track was not found
sanity,unmorph,Track was not found
sankofa,hypnotic brass ensemble,Track was not found
santa claus is coming to town,wurlitzer band organ style 165,Track was not found
sanvean,sarah brightman,Track was not found
sapphire,andy hunter°,Track was not found
sarabande,jean-baptiste lully,Track was not found
satan's ghost,king dude & chelsea wolfe,Track was not found
satellites,lisa & kmp,Track was not found
satisfied,andrew bird's bowl of fire,Track was not found
saturn,susan raven,Track was not found
say goodbye,dave matthews and tim reynolds,Track was not found
say you will,marie carmen koppel,Track was not found
scary,"kelley deal 6000, the",Track was not found
scattered,adjustment disorder,Track was not found
seamless,tanya tagaq gillis,Track was not found
searching for a heart,don henley,Track was not found
searching for my love,vulture culture,Track was not found
seaweed,caribou,Track was not found
sea,george winston,Track was not found
second awakening,divinity,Track was not found
second skin,kidney riddler,Track was not found
secret garden,essence,Track was not found
secret,bright,Track was not found
security,zu nd odyofilz,Track was not found
sedna,anomalous disturbances,Track was not found
sedona,lifeisround,Track was not found
sehnsucht,sara noxx,Track was not found
send me on my way,david newman,Track was not found
sense,age,Track was not found
sensitive new age guys,four bitchin' babes,Track was not found
sen,ryger,Track was not found
september,future prophecies,Track was not found
sequoia,cartoon physics,Track was not found
serious,da lata,Track was not found
seven sisters,bell hollow,Track was not found
seventh heaven,dreamcatcher,Track was not found
sex bomb,kiki & herb,Track was not found
sexuality,edyta górniak,Track was not found
shadows,aiboforcen,Track was not found
shadow,brian eno,Track was not found
shaft,donovan,Track was not found
shake it off,jeffrey gaines,Track was not found
shake it up!,jake shimabukuro,Track was not found
shaken,planetary assault systems,Track was not found
shake,kristen hersh,Track was not found
shattered,remy zero,Track was not found
she's leaving home,terry neason,Track was not found
shelter,midland,Track was not found
shining star,bright,Track was not found
ships,blue for two,Track was not found
shiva,the falling spikes,Track was not found
shivoham,craig pruess,Track was not found
should have known,midnight movies,Track was not found
silent night,david lanz,Track was not found
silhouettes,sofabears,Track was not found
silhouette,i:scintilla,Track was not found
silver gun,zhuzha & petrovich,Track was not found
simple life,reoreo123,Track was not found
sincerely,melody.,Track was not found
sing to me,melissa polinar,Track was not found
single girl,knight action,Track was not found
sirens,jana hunter,Track was not found
siren,brian jacobs,Track was not found
sita ram,bhakti,Track was not found
sitting on top of the world,js (joerg sommermeyer),Track was not found
sixteen,richey hackett,Track was not found
six,john most,Track was not found
skeleton,black dice,Track was not found
sketch,julien neto,Track was not found
sky high,the irresistible force,Track was not found
slaves,the doubtful guest,Track was not found
sleazy,dirty south,Track was not found
sleeping beauty,helen trevillion,Track was not found
sleepless,marconi union,Track was not found
slow it down,antoine smith,Track was not found
slow jamz,"kanye west, jaime foxx & twista",Track was not found
slower,yeah wednesday,Track was not found
smack,coleman hawkins,Track was not found
smile,e'velyne,Track was not found
smoke on the water,mattias ia eklundh,Track was not found
smoke signals,akasha,Track was not found
smokestack,vijay iyer trio,Track was not found
smoke,batacuda sound machine,Track was not found
snake charmer,nox arcana,Track was not found
snake,charles earland,Track was not found
sneak,岩崎琢,Track was not found
snow white,labyrinth ear,Track was not found
snowblind,+/-,Track was not found
so beautiful,lifeisround,Track was not found
so damn beautiful,lisa & kmp,Track was not found
so lonely,mary j. blige,Track was not found
so low,hattler,Track was not found
so much,raghav ft. kardinal offishall,Track was not found
so they say,"robert reinis, zack whedon, maurissa tancharoen, stacy shirk, steve berg, felicia day, nathan fillion, david fury, marti noxon, and neil patrick harris",Track was not found
soaring,shigeto,Track was not found
socks,vivian stanshall,Track was not found
solitude,arbeit,Track was not found
some are,philip glass,Track was not found
some enchanted evening,george ball,Track was not found
someone like you,aberfeldy,Track was not found
something real,hott 22,Track was not found
sometimes,b-tribe,Track was not found
somewhere else,aviary ghost,Track was not found
somewhere out there,emile pandolfi,Track was not found
somewhere,bomb the bass,Track was not found
song,action swingers,Track was not found
sons of,anders westerlund,Track was not found
soon,aluco,Track was not found
south,prince & new power generation,Track was not found
sovereign,yellow swans,Track was not found
soweto,robson banda and the new black eagles,Track was not found
sparrow,scattered trees,Track was not found
speed kills,michael angelo,Track was not found
spellbound,awry,Track was not found
spheres,never known,Track was not found
spider and i,isokon flats,Track was not found
spirit,back to komo,Track was not found
spotlight,spc eco,Track was not found
spring song,felix mendelssohn,Track was not found
stabat mater,arvo pärt,Track was not found
stagger lee,chris whitley & jeff lang,Track was not found
stairway to heaven,iron horse,Track was not found
stanley kubrick,mogwai,Track was not found
stargazer,koru,Track was not found
stargazing,tayla,Track was not found
state of confusion,temperament,Track was not found
stay,astrobrite,Track was not found
step into my world,tornts,Track was not found
step into the light,aux 88,Track was not found
step one,jimmy robbins,Track was not found
steppenwolf,h.o.s.h.,Track was not found
stigmata,gallo,Track was not found
still island,dj krush,Track was not found
stomp box,qemists,Track was not found
stone cold dead in the market,wilmoth houdini,Track was not found
stormwind,"jason hayes, tracy w. bush, derek duke, glenn stafford",Track was not found
storm,craig armstrong & a.r. rahman,Track was not found
story of an artist,"johnston, daniel",Track was not found
storytime,jim chappell,Track was not found
strawberry wine,my bloody valentine,Track was not found
stray bullet,pharoahe monch,Track was not found
streetlife,blur vs. streets,Track was not found
streets of london,cat stevens,Track was not found
strings,wale,Track was not found
strip tease,alain goraguer,Track was not found
strong,annabel fay,Track was not found
submission,andy stott,Track was not found
suburbia,infinite monopoly,Track was not found
subway,kilowatts,Track was not found
sugar shack,davy vain,Track was not found
suicide bomb,non phixion,Track was not found
suicide note,ramin djawadi,Track was not found
suiren,"pauline oliveros, stuart dempster & panaiotis",Track was not found
summer dress,gus black,Track was not found
summer nights,lonnie liston smith & the cosmic echoes,Track was not found
summer rain,karen fitzgerald,Track was not found
summer sun,kevin t. bowman,Track was not found
summerbreeze,kamaya painters,Track was not found
summer,9 lazy 9,Track was not found
sunbeam,goth-trad,Track was not found
sunday morning,andy warhol,Track was not found
sunflower,nicolas jaar,Track was not found
sunny day,pj & the drum machine,Track was not found
sunny,wes montgomery,Track was not found
sunrise,808 state,Track was not found
sunset,kali uchis,Track was not found
sunshrine,doof,Track was not found
sunspray,blackbird blackbird,Track was not found
sunstroke,chicane,Track was not found
superhero,14 fried fish,Track was not found
supply & demand,dagmar krause,Track was not found
surf solar,fuck buttons,Track was not found
surfin',memory cassette,Track was not found
surgery,villain accelerate,Track was not found
surprise,robby maria & the silent revolution,Track was not found
surrender,(we are) performance,Track was not found
suspiria,claudio simonetti,Track was not found
swallow,my bloody valentine,Track was not found
sweet jane,mazzy star,Track was not found
sweet victory,nick elward,Track was not found
sweet violets,mitch miller & the gang,Track was not found
sweet wine,luke spark,Track was not found
swept away,chaoswave,Track was not found
swim,message to bears,Track was not found
symphony,georg friedrich händel,Track was not found
syncope,x-fusion,Track was not found
syndrome,mariel ito,Track was not found
system,terry lynn,Track was not found
taj mahal,django reinhardt,Track was not found
take a look,maridis,Track was not found
take ecstasy with me,!!!,Track was not found
take five,davy graham,Track was not found
take me back,itchy poopzkid,Track was not found
take me home,dream disco,Track was not found
take off your cool,andre 3000,Track was not found
tantum ergo,les nouvelles polyphonies corses,Track was not found
tarde,bendita prudencia,Track was not found
taxi,simon patterson,Track was not found
tear dance,tatiana dadovich,Track was not found
tear it up,joe stump,Track was not found
television,hans zimmer,Track was not found
tell me something,drama digest,Track was not found
tell me what you see,teenage fanclub,Track was not found
tell,eyeless in gaza,Track was not found
tempus fugit,hörgr,Track was not found
tenderness,the english beat,Track was not found
tension,temperament,Track was not found
terpsichora - テルプシコラ,志方あきこ & 弘田佳孝,Track was not found
terror,redial,Track was not found
test,citriniti,Track was not found
thaleia - タレイア,vagrancy,Track was not found
thank you lord,the wailers,Track was not found
the  exhalation,wonaldo,Track was not found
the air,modest mouse,Track was not found
the ascension,vladimír hirsch,Track was not found
the awakening,craig urquhart,Track was not found
the beginning of the end,silentaria,Track was not found
the beginning,drunk with joy,Track was not found
the bells,fluke,Track was not found
the blessing,gui boratto,Track was not found
the boss,joseph gershwin & the universal-international orchestra,Track was not found
the call,steve roach,Track was not found
the catch,gustavo santaolalla,Track was not found
the channel,future funk squad,Track was not found
the chase,philip glass,Track was not found
the cloud,jerry goldsmith,Track was not found
the crossing,hagalaz' runedance,Track was not found
the cry,lifeisround,Track was not found
the door,lindy lafontaine,Track was not found
the dream,gong,Track was not found
the drop,the nextmen,Track was not found
the electrician,scott walker,Track was not found
the end,6blocc,Track was not found
the fight,azar baksh,Track was not found
the first cut is the deepest,the koobas,Track was not found
the flow,kaya project,Track was not found
the fruit,bud powell,Track was not found
the funeral,greg edmonson,Track was not found
the gardener,goldmund,Track was not found
the garden,the smittens,Track was not found
the gate,terra ambient,Track was not found
the gathering,escaping amenti,Track was not found
the haunting,b. calloway,Track was not found
the healing,adrian sieber,Track was not found
the hunt,cusco,Track was not found
the island,keith harkin,Track was not found
the kiss,elliot goldenthal,Track was not found
the knowing,the nautilus diary,Track was not found
the lake,true bypass,Track was not found
the lighthouse,hector zazou,Track was not found
the lobster quadrille,marc catley & the flaming methodists,Track was not found
the long way home,david arkenstone,Track was not found
the loom,freescha,Track was not found
the magician,halos,Track was not found
the meaning of life,johnny polygon,Track was not found
the mermaid,ruth barrett,Track was not found
the messenger,douglas blue feather,Track was not found
the mirror,nostalgia 77,Track was not found
the model,phreek plus one,Track was not found
the mountain,maddy prior,Track was not found
the music box,shovelbearer,Track was not found
the music,al kapone,Track was not found
the next chapter,jesus and christ,Track was not found
the night,anima in fiamme,Track was not found
the other side,the firesign theatre,Track was not found
the passage,ephel duath,Track was not found
the promise,kirk whalum,Track was not found
the prophet,amorphous androgynous,Track was not found
the proposition,masta ace,Track was not found
the rain parade,adrian sieber,Track was not found
the real world,david devant & his spirit wife,Track was not found
the rebirth,omiq project,Track was not found
the redeemer,temperament,Track was not found
the road,cabinet of natural curiosities,Track was not found
the rock,delakota,Track was not found
the secret,a cuckoo,Track was not found
the sickness,enoid,Track was not found
the source,lifeisround,Track was not found
the sporting life,diamanda galás with john paul jones,Track was not found
the swan,camille saint-saëns,Track was not found
the tape,working for a nuclear free city,Track was not found
the tourist,gonzales,Track was not found
the tower,golem,Track was not found
the voyage,ben barden,Track was not found
the wasteland,raison d'être,Track was not found
the water is wide,andy pratt,Track was not found
the waves,dharma one vs. jukka eskola,Track was not found
the way you are,zap mama,Track was not found
the wheel of fortune - fortuna,井元ともこ,Track was not found
the wheel of fortune,井元ともこ,Track was not found
the whistler,crippled black phoenix,Track was not found
the wind,billy bob thornton,Track was not found
the witch,the broken keys,Track was not found
the woods,jamie long,Track was not found
the wreckage,the matthews brothers,Track was not found
theme,arovane,Track was not found
there is no rose,the tallis scholars,Track was not found
these are the parameters,gold digger,Track was not found
these walls,amy seeley,Track was not found
they all laughed,ginger rogers,Track was not found
think twice,bcee,Track was not found
thinking of you,herbert,Track was not found
think,siobhan magnus,Track was not found
third awakening,project divinity,Track was not found
this boy,adrian sieber,Track was not found
this girl,kataztrophee,Track was not found
this is love,demy,Track was not found
this moment,sang.rael,Track was not found
this must be love,loïs lane,Track was not found
this perfect day,keshco,Track was not found
this summer,paul budde,Track was not found
this time tomorrow,james yorkston and the athletes,Track was not found
this time,jamie lidell,Track was not found
this way,acoustic alchemy,Track was not found
this year,braille,Track was not found
three times,ronderlin,Track was not found
three wishes,mr solo,Track was not found
three,gavouna,Track was not found
threshold,corner stone cues,Track was not found
threw it away,mark heard,Track was not found
thrill,dzihan & kamien,Track was not found
tidal wave,junior communist club,Track was not found
time machine,i not dance,Track was not found
time will tell,diafrix,Track was not found
timeless,2002,Track was not found
times,roberto cacciapaglia,Track was not found
time,alys,Track was not found
timothy,slambo,Track was not found
to be alone,david allen slater,Track was not found
to be free,marc courtney johnson,Track was not found
to love somebody,billy corgan,Track was not found
to the lighthouse,sue merchant,Track was not found
to the moon,fischerspooner,Track was not found
to you,christina antipa,Track was not found
tobacco road,eric burdon with war,Track was not found
today,air,Track was not found
together,axwell & sebastian ingresso,Track was not found
tonight,a2z's,Track was not found
too bad,stamen,Track was not found
too late,emma forman,Track was not found
total war,uberbyte,Track was not found
track 01,m83,Track was not found
track 1,sigur rós,Track was not found
train song,ben gibbard & feist,Track was not found
trampoline,man number 7,Track was not found
trance dance,enigma,Track was not found
trance,breakage,Track was not found
transcendence,phase,Track was not found
transit,pygmy children,Track was not found
transmission,dryft,Track was not found
transparency,aquascape,Track was not found
transparent,porcelain black,Track was not found
trash,laurneá,Track was not found
treasure,duoba,Track was not found
trees,big shug,Track was not found
trickster,mark linn,Track was not found
trigger happy,counterstrike,Track was not found
tropicana,ratatat,Track was not found
true story,saigon,Track was not found
try,animal liberation orchestra,Track was not found
tub,"oh yes, by all exceptions",Track was not found
tugboat,portastatic,Track was not found
tuning in,hadouken!,Track was not found
tuning out,robert rich & ian boddy,Track was not found
turmoil,xenoc,Track was not found
turn up da bass,steve ellington bass,Track was not found
twelve,mr cooper,Track was not found
twilight,a hawk in the heavens,Track was not found
twisted,rido feat. thomas oliver,Track was not found
two hearts,pretty boy floyd,Track was not found
two-headed boy,glen phillips,Track was not found
two,blake mckibben,Track was not found
u got the look,dirty sanchez,Track was not found
under control,sporto kantès,Track was not found
under my skin,bitter,Track was not found
under the sun,androcell,Track was not found
underground,alloy,Track was not found
underwater,audiotransparent,Track was not found
undone,blondie,Track was not found
undying love,two steps from hell,Track was not found
union,blue lunar monkey,Track was not found
unknown track,frujo,Track was not found
unpredictable,the removers,Track was not found
unreal,the binary obsession,Track was not found
unrest,rei harakami,Track was not found
until,chris & cosey,Track was not found
untitled #1,adrian sieber,Track was not found
untitled 06,wolf eyes,Track was not found
untitled 5,panda bear,Track was not found
untitled 7,bogdan raczynski,Track was not found
untitled,1800s sea monster,Track was not found
up,keith moody,Track was not found
uranus,maciej bether,Track was not found
vampire,amber asylum,Track was not found
vandalism,ghosty,Track was not found
velvet,caroline henderson,Track was not found
"venus, the bringer of peace",roger norrington,Track was not found
vessel,jon hopkins,Track was not found
via dolorosa,camille aragones,Track was not found
vice,psychic ills,Track was not found
victoria,color collapse,Track was not found
victory dance,a2z's,Track was not found
viii,der blutharsch,Track was not found
vii,der blutharsch,Track was not found
violence,anathema,Track was not found
virgins,the chapman family,Track was not found
vi,der blutharsch,Track was not found
voices,cabeiri,Track was not found
void,pappa & gilbey,Track was not found
vortex,grinderman,Track was not found
voyager,cabeiri,Track was not found
voyage,yanni,Track was not found
vultures,vaeda,Track was not found
vulture,micachu,Track was not found
v,__max__,Track was not found
waiting for the sun,featherlike,Track was not found
waiting,buddhuza,Track was not found
waking up,gosub,Track was not found
walking in memphis,bruce springsteen,Track was not found
waltzapp,juan maría solare,Track was not found
wanderer,thoribass,Track was not found
wanted,nekromantix,Track was not found
warm sand,zan-zan-zawa-veia,Track was not found
warm,lifeisround,Track was not found
war,aadf,Track was not found
watch out,bright,Track was not found
waterfall,daniel rossen,Track was not found
waterfront,irene,Track was not found
waterloo sunset,elliott smith,Track was not found
we are sex bob-omb,sex bomb-omb,Track was not found
we are the future,aux 88,Track was not found
we get along,let's go sailing,Track was not found
we have all the time in the world,my bloody valentine,Track was not found
we the people,midtown bootboys,Track was not found
we're not the same,peasant,Track was not found
weeds,runarmat,Track was not found
weekend love,golden earing,Track was not found
weekend,janet jackson,Track was not found
weight of the world,factory of dreams,Track was not found
weird,yerzmyey,Track was not found
well balanced,oliver shanti,Track was not found
wet song,sandal,Track was not found
what a wonderful world,angèle dubeau & la pietà,Track was not found
what goes up,kay starr,Track was not found
what if i,the matthews brothers,Track was not found
when you go,lightning dust,Track was not found
when you smile,leroy hutson,Track was not found
wherever you are,kiesza,Track was not found
whiplash,mr. scruff,Track was not found
whispering,paul whiteman & his orchestra,Track was not found
whisper,steve roach & dirk serries,Track was not found
white bird,moonflowers,Track was not found
white hands,the supermen lovers,Track was not found
who are you,jad abumrad & robert krulwich,Track was not found
who i am,shirley logan,Track was not found
who loves you,brenda russell,Track was not found
wide open,remergence,Track was not found
widerstand,painbastard,Track was not found
will i (radio edit),ian van dahl ft louie devito,Track was not found
william,mount kimbie,Track was not found
willow,greg maroney,Track was not found
window,the album leaf,Track was not found
winter solstice,of the wand and the moon,Track was not found
winter,asylum party,Track was not found
wiosna,skaldowie,Track was not found
wisconsin,natural snow buildings,Track was not found
wish you were here,lady gaga,Track was not found
witch's rune,spiral dance,Track was not found
witchcraft,akira yamaoka,Track was not found
with or without you,tyler adam,Track was not found
within you without you,alan lorber orchestra,Track was not found
without you,adam pascal / rosario dawson,Track was not found
witness,sue merchant,Track was not found
woman,azar baksh,Track was not found
wonderful wino,jeff simmons,Track was not found
wondering,buckethead,Track was not found
wondrous love,bobby fisher,Track was not found
woods,turan.,Track was not found
woody woodpecker,dan deacon,Track was not found
wooly bully,the ventures,Track was not found
words,azar baksh,Track was not found
work (poker face club mix),ciara feat. missy elliott,Track was not found
world without end,gold digger,Track was not found
worms,carlosaur,Track was not found
wrench,cranes,Track was not found
wrong side of the tracks,65daysofstatic,Track was not found
years,conjure one,Track was not found
yellow,a sunny day in glasgow,Track was not found
yemaya,kiva,Track was not found
yeti,harry sacksioni,Track was not found
yoghurt,solipsism,Track was not found
you and i,cut off your hands,Track was not found
you are,crystal bridge,Track was not found
you don't know me,apparat,Track was not found
you don't know what love is,elisa rodrigues,Track was not found
you got me,theoretical girl,Track was not found
you make me sick,sickboy,Track was not found
you sexy thing,barry white,Track was not found
you turn me on,sophie b. hawkins,Track was not found
you'll be in my heart,tommy jenkins,Track was not found
you've got a friend,larry hall,Track was not found
your honor,kill kenada,Track was not found
your love,emma burgess,Track was not found
your man,parov stelar,Track was not found
your mistake,reaching hand,Track was not found
your mouth,telefon tel aviv,Track was not found
your name,ebc worship live,Track was not found
your voice,milosh,Track was not found
yttrium,fridge,Track was not found
y,takahiro kido,Track was not found
zero,chloe goodchild,Track was not found
zoetrope,boards of canada,Track was not found
zombie,lars h.u.g.,Track was not found
zyklon b,acylum,Track was not found
корабли,диана арбенина,Track was not found
космонавт,радиотранс,Track was not found
романс,крыс и шмендра,Track was not found
сфинксы,илья черт,Track was not found
танго разбитых сердец,валерий леонтьев,Track was not found
яблони,обе две,Track was not found
テルーの唄,へっぽこ六弦使い,Track was not found
不条理≧楽しい?,しかたあきこ,Track was not found
恋ヒ数え,música japonesa,Track was not found
晴れすぎた空の下で,志方あきこ,Track was not found
湘南族 -cannibal coast-,オーラルヴァンパイア,Track was not found
片恋,加藤和樹,Track was not found
花鳥風月,しかたあきこ,Track was not found
記憶,黒棟ﾑﾙﾑﾙ,Track was not found
처음 그날처럼,퓨어 (pure),Track was not found
